{
  "config_version": 4,
  "loadbuiltin": true,
  "quark": false,
  "dark": false,
  "oldChooseWheel": false,
  "perspective": true,
  "default3rdPersonFront": false,
  "showicon": true,
  "enableNSFW": false,
  "alwaysOpenScreen": false,
  "debug": true,
  "validate": false,
  "validationThreshold": 8.0,
  "emotesFolderOnLogicalServer": false,
  "emotesDirectory": "emotes",
  "autoFixEmoteStop": true,
  "alwaysValidateEmote": false,
  "playersafety": true,
  "stopthreshold": 0.04,
  "yratio": 0.75,
  "showHiddenConfig": false,
  "neverRemoveBadIcon": false,
  "exportBuiltin": false,
  "hideWarning": false,
  "fastmenu": {
    "0": {
      "2": "2ccc89b0-0000-0000-0000-000000000000",
      "4": "ebfb1e69-330a-4970-8bca-f5625c90681a",
      "5": "bca4c4f3-0000-0000-0000-000000000000",
      "6": "a26aa0f6-0000-0000-0000-000000000000",
      "7": "cc0ef947-0000-0000-0000-000000000000"
    }
  },
  "keys": {}
}