{
    "client": {
        "openBrowserWithoutPrompt": true,
        "transcriptBoxes": [
            {
                "offsetX": 90,
                "offsetY": 108,
                "width": 89,
                "height": 107,
                "opacity": 120,
                "language": "ENGLISH",
                "offsetXEdge": true,
                "offsetYEdge": true
            },
            {
                "offsetX": 89,
                "offsetY": 4,
                "width": 87,
                "height": 136,
                "opacity": 120,
                "language": "SPANISH",
                "offsetXEdge": true
            }
        ],
        "disappearingTextDelay": 30.0,
        "disappearingTextFade": 0.3
    }
}